CustomerID,TransactionID,TransactionDate,AmountSpent,Category,StoreLocation
CUST_041,TX_00099,2023-01-01,115.68,Books,New York
CUST_111,TX_00062,2023-01-01,258.55,Furniture,Chicago
CUST_123,TX_00235,2023-01-01,364.93,Electronics,New York
CUST_043,TX_00894,2023-01-02,416.35,Groceries,Houston
CUST_192,TX_00360,2023-01-02,127.2,Clothing,Houston
CUST_078,TX_00935,2023-01-03,12.7,Electronics,Chicago
CUST_181,TX_00648,2023-01-03,390.59,Electronics,Chicago
CUST_164,TX_00589,2023-01-03,170.81,Books,Los Angeles
CUST_175,TX_00039,2023-01-04,312.4,Groceries,Houston
CUST_101,TX_00557,2023-01-04,444.24,Groceries,Chicago
CUST_185,TX_00982,2023-01-04,44.79,Electronics,Chicago
CUST_155,TX_00399,2023-01-04,63.77,Furniture,Houston
CUST_053,TX_00019,2023-01-04,186.02,Clothing,Chicago
CUST_146,TX_00794,2023-01-04,414.73,Furniture,Los Angeles
CUST_187,TX_00162,2023-01-05,467.87,Furniture,New York
CUST_163,TX_00115,2023-01-05,170.25,Clothing,Chicago
CUST_083,TX_00632,2023-01-05,87.87,Books,Los Angeles
CUST_188,TX_00035,2023-01-06,175.13,Electronics,San Francisco
CUST_107,TX_00005,2023-01-06,369.23,Clothing,Chicago
CUST_012,TX_00930,2023-01-07,106.09,Clothing,Chicago
CUST_138,TX_00533,2023-01-07,402.03,Books,Los Angeles
CUST_134,TX_00721,2023-01-07,23.31,Furniture,Houston
CUST_010,TX_00785,2023-01-07,240.87,Electronics,Houston
CUST_021,TX_00348,2023-01-07,115.86,Clothing,Chicago
CUST_092,TX_00835,2023-01-08,64.38,Electronics,Chicago
CUST_161,TX_00321,2023-01-08,179.59,Clothing,Houston
CUST_140,TX_00638,2023-01-09,43.79,Electronics,New York
CUST_137,TX_00668,2023-01-09,490.84,Furniture,San Francisco
CUST_151,TX_00854,2023-01-09,481.78,Clothing,Chicago
CUST_160,TX_00914,2023-01-09,329.59,Electronics,San Francisco
CUST_174,TX_00390,2023-01-09,77.18,Groceries,Los Angeles
CUST_071,TX_00161,2023-01-10,39.53,Clothing,New York
CUST_002,TX_00074,2023-01-10,336.76,Groceries,San Francisco
CUST_099,TX_00609,2023-01-11,173.91,Electronics,New York
CUST_137,TX_00193,2023-01-11,411.4,Books,Houston
CUST_172,TX_00363,2023-01-11,158.6,Books,Chicago
CUST_052,TX_00872,2023-01-11,33.59,Groceries,Chicago
CUST_101,TX_00450,2023-01-11,58.21,Groceries,Chicago
CUST_094,TX_00943,2023-01-12,261.21,Electronics,New York
CUST_191,TX_00771,2023-01-12,89.49,Clothing,San Francisco
CUST_069,TX_00504,2023-01-12,277.06,Clothing,Los Angeles
CUST_121,TX_00941,2023-01-12,403.27,Furniture,Los Angeles
CUST_126,TX_00494,2023-01-12,424.79,Electronics,San Francisco
CUST_049,TX_00738,2023-01-12,320.95,Electronics,New York
CUST_110,TX_00825,2023-01-12,330.05,Electronics,New York
CUST_159,TX_00741,2023-01-13,458.39,Groceries,San Francisco
CUST_004,TX_00078,2023-01-13,355.29,Groceries,Houston
CUST_047,TX_00940,2023-01-14,176.04,Books,New York
CUST_002,TX_00543,2023-01-14,382.89,Clothing,New York
CUST_104,TX_00389,2023-01-14,382.54,Books,San Francisco
CUST_062,TX_00128,2023-01-14,350.78,Clothing,Chicago
CUST_179,TX_00148,2023-01-15,271.47,Furniture,Houston
CUST_012,TX_00846,2023-01-15,459.86,Furniture,Chicago
CUST_044,TX_00174,2023-01-15,143.59,Furniture,New York
CUST_053,TX_00819,2023-01-15,350.13,Electronics,Chicago
CUST_171,TX_00556,2023-01-15,363.81,Electronics,Houston
CUST_161,TX_00561,2023-01-16,350.85,Furniture,San Francisco
CUST_033,TX_00525,2023-01-16,88.44,Books,Chicago
CUST_060,TX_00415,2023-01-17,395.58,Books,San Francisco
CUST_155,TX_00770,2023-01-17,219.47,Groceries,San Francisco
CUST_147,TX_00254,2023-01-17,168.92,Groceries,Houston
CUST_058,TX_00479,2023-01-17,464.76,Groceries,Chicago
CUST_003,TX_00746,2023-01-17,165.21,Clothing,Los Angeles
CUST_129,TX_00499,2023-01-17,422.58,Clothing,Los Angeles
CUST_161,TX_00298,2023-01-18,159.71,Groceries,Chicago
CUST_120,TX_00297,2023-01-19,281.36,Groceries,Houston
CUST_006,TX_00367,2023-01-20,259.62,Furniture,Houston
CUST_180,TX_00640,2023-01-20,148.27,Groceries,New York
CUST_126,TX_00985,2023-01-20,471.45,Clothing,San Francisco
CUST_053,TX_00058,2023-01-20,69.83,Electronics,Chicago
CUST_006,TX_00811,2023-01-21,346.3,Clothing,Houston
CUST_098,TX_00805,2023-01-22,240.93,Electronics,Houston
CUST_177,TX_00934,2023-01-22,263.12,Groceries,Los Angeles
CUST_161,TX_00773,2023-01-22,284.28,Books,Los Angeles
CUST_118,TX_00200,2023-01-23,451.01,Electronics,Los Angeles
CUST_035,TX_00133,2023-01-23,121.36,Books,Chicago
CUST_047,TX_00728,2023-01-23,331.82,Groceries,New York
CUST_028,TX_00980,2023-01-24,215.28,Books,San Francisco
CUST_003,TX_00843,2023-01-24,217.05,Electronics,Houston
CUST_127,TX_00485,2023-01-25,472.11,Furniture,Los Angeles
CUST_027,TX_00670,2023-01-25,330.55,Books,Los Angeles
CUST_070,TX_00248,2023-01-25,402.17,Books,Los Angeles
CUST_069,TX_00515,2023-01-25,369.07,Groceries,San Francisco
CUST_052,TX_00261,2023-01-25,237.95,Groceries,San Francisco
CUST_107,TX_00944,2023-01-25,153.81,Furniture,San Francisco
CUST_021,TX_00048,2023-01-26,404.78,Books,New York
CUST_176,TX_00521,2023-01-26,347.55,Electronics,New York
CUST_033,TX_00791,2023-01-26,174.25,Electronics,Chicago
CUST_004,TX_00829,2023-01-27,396.34,Clothing,Houston
CUST_105,TX_00806,2023-01-27,489.76,Electronics,San Francisco
CUST_144,TX_00423,2023-01-27,236.12,Electronics,Chicago
CUST_072,TX_00837,2023-01-27,235.58,Books,Houston
CUST_070,TX_00446,2023-01-29,389.58,Books,Chicago
CUST_056,TX_00786,2023-01-29,412.6,Clothing,New York
CUST_145,TX_00662,2023-01-29,284.48,Clothing,Chicago
CUST_129,TX_00223,2023-01-29,301.29,Groceries,Chicago
CUST_017,TX_00401,2023-01-29,232.64,Furniture,Houston
CUST_093,TX_00576,2023-01-29,404.44,Furniture,Houston
CUST_022,TX_00030,2023-01-31,232.36,Furniture,Los Angeles
CUST_061,TX_00727,2023-01-31,61.68,Groceries,Los Angeles
CUST_147,TX_00291,2023-02-01,27.72,Books,Houston
CUST_191,TX_00871,2023-02-01,374.16,Electronics,New York
CUST_030,TX_00787,2023-02-02,235.04,Groceries,Chicago
CUST_029,TX_00566,2023-02-03,55.57,Books,Chicago
CUST_013,TX_00414,2023-02-03,478.11,Books,Houston
CUST_124,TX_00098,2023-02-04,341.49,Books,New York
CUST_111,TX_00971,2023-02-04,136.23,Electronics,Chicago
CUST_059,TX_00033,2023-02-05,93.18,Groceries,Los Angeles
CUST_048,TX_00356,2023-02-05,497.48,Electronics,San Francisco
CUST_144,TX_00467,2023-02-05,30.56,Clothing,San Francisco
CUST_136,TX_00762,2023-02-06,257.55,Electronics,Los Angeles
CUST_109,TX_00963,2023-02-06,307.87,Furniture,New York
CUST_109,TX_00679,2023-02-06,120.41,Electronics,Los Angeles
CUST_151,TX_00154,2023-02-07,18.93,Clothing,Houston
CUST_172,TX_00197,2023-02-07,309.38,Books,San Francisco
CUST_029,TX_00674,2023-02-07,486.28,Furniture,Los Angeles
CUST_008,TX_00066,2023-02-07,482.91,Books,Los Angeles
CUST_015,TX_00088,2023-02-07,420.68,Books,New York
CUST_027,TX_00142,2023-02-08,244.8,Groceries,Houston
CUST_011,TX_00796,2023-02-08,127.54,Groceries,San Francisco
CUST_137,TX_00486,2023-02-08,127.94,Electronics,San Francisco
CUST_164,TX_00732,2023-02-08,482.59,Clothing,San Francisco
CUST_179,TX_00555,2023-02-08,229.82,Books,Los Angeles
CUST_090,TX_00574,2023-02-08,305.71,Books,New York
CUST_178,TX_00669,2023-02-09,135.7,Groceries,Chicago
CUST_024,TX_00391,2023-02-09,272.3,Electronics,New York
CUST_132,TX_00685,2023-02-09,431.47,Groceries,Houston
CUST_089,TX_00031,2023-02-09,125.66,Electronics,Chicago
CUST_091,TX_00694,2023-02-09,473.39,Books,Los Angeles
CUST_019,TX_00696,2023-02-09,337.82,Furniture,Chicago
CUST_152,TX_00413,2023-02-10,447.12,Groceries,New York
CUST_147,TX_00919,2023-02-10,320.71,Furniture,Los Angeles
CUST_132,TX_00881,2023-02-10,399.34,Electronics,Houston
CUST_093,TX_00003,2023-02-11,315.25,Furniture,New York
CUST_023,TX_00484,2023-02-11,310.34,Clothing,Houston
CUST_072,TX_00122,2023-02-11,68.9,Books,New York
CUST_124,TX_00147,2023-02-11,294.28,Books,New York
CUST_050,TX_00411,2023-02-11,235.13,Furniture,Los Angeles
CUST_089,TX_00497,2023-02-13,379.97,Books,San Francisco
CUST_173,TX_00724,2023-02-14,455.52,Electronics,Chicago
CUST_190,TX_00713,2023-02-14,110.39,Groceries,San Francisco
CUST_001,TX_00742,2023-02-15,271.18,Clothing,Houston
CUST_050,TX_00845,2023-02-15,372.55,Electronics,Los Angeles
CUST_063,TX_00436,2023-02-15,51.55,Electronics,Chicago
CUST_184,TX_00883,2023-02-15,295.58,Clothing,Los Angeles
CUST_085,TX_00522,2023-02-16,437.93,Groceries,New York
CUST_092,TX_00061,2023-02-16,164.92,Furniture,Chicago
CUST_117,TX_00635,2023-02-16,378.17,Furniture,San Francisco
CUST_128,TX_00179,2023-02-16,98.9,Electronics,New York
CUST_129,TX_00283,2023-02-18,265.27,Groceries,Los Angeles
CUST_151,TX_00272,2023-02-18,180.31,Electronics,Houston
CUST_025,TX_00987,2023-02-19,342.55,Clothing,Houston
CUST_154,TX_00839,2023-02-19,277.86,Books,New York
CUST_087,TX_00222,2023-02-20,201.54,Groceries,Los Angeles
CUST_128,TX_00333,2023-02-20,205.34,Electronics,Houston
CUST_084,TX_00615,2023-02-21,156.38,Books,Chicago
CUST_046,TX_00373,2023-02-22,268.25,Electronics,Chicago
CUST_128,TX_00328,2023-02-23,248.66,Furniture,Los Angeles
CUST_144,TX_00634,2023-02-23,76.32,Groceries,Chicago
CUST_054,TX_00317,2023-02-24,49.65,Furniture,San Francisco
CUST_038,TX_00237,2023-02-24,144.34,Furniture,New York
CUST_153,TX_00310,2023-02-24,410.55,Electronics,New York
CUST_109,TX_00459,2023-02-24,316.09,Clothing,Houston
CUST_026,TX_00949,2023-02-24,65.78,Electronics,San Francisco
CUST_167,TX_00693,2023-02-25,91.23,Groceries,San Francisco
CUST_189,TX_00501,2023-02-26,390.46,Books,San Francisco
CUST_119,TX_00790,2023-02-27,415.84,Groceries,Los Angeles
CUST_023,TX_00818,2023-02-27,325.01,Groceries,New York
CUST_086,TX_00617,2023-02-28,137.06,Clothing,Houston
CUST_067,TX_00382,2023-02-28,369.47,Electronics,Houston
CUST_127,TX_00707,2023-02-28,108.67,Electronics,New York
CUST_105,TX_00708,2023-02-28,136.72,Books,Los Angeles
CUST_056,TX_00967,2023-02-28,412.39,Clothing,San Francisco
CUST_197,TX_00519,2023-02-28,155.8,Electronics,San Francisco
CUST_092,TX_00759,2023-03-01,50.9,Clothing,Houston
CUST_193,TX_00831,2023-03-01,137.54,Groceries,Chicago
CUST_045,TX_00102,2023-03-01,329.1,Electronics,Houston
CUST_037,TX_00603,2023-03-02,421.5,Clothing,New York
CUST_053,TX_00642,2023-03-02,131.02,Furniture,Chicago
CUST_117,TX_00482,2023-03-02,221.72,Furniture,Los Angeles
CUST_064,TX_00044,2023-03-03,370.84,Electronics,Los Angeles
CUST_105,TX_00610,2023-03-03,22.84,Clothing,Houston
CUST_005,TX_00118,2023-03-03,383.52,Books,Los Angeles
CUST_057,TX_00645,2023-03-03,143.26,Clothing,Chicago
CUST_177,TX_00621,2023-03-04,101.19,Clothing,New York
CUST_124,TX_00246,2023-03-04,264.34,Furniture,Houston
CUST_060,TX_00280,2023-03-04,464.23,Electronics,San Francisco
CUST_129,TX_00268,2023-03-04,272.56,Books,Houston
CUST_193,TX_00134,2023-03-04,45.87,Groceries,Chicago
CUST_166,TX_00861,2023-03-05,354.81,Books,Los Angeles
CUST_190,TX_00437,2023-03-05,361.0,Furniture,Los Angeles
CUST_157,TX_00587,2023-03-06,225.7,Groceries,Houston
CUST_146,TX_00995,2023-03-07,364.75,Groceries,Los Angeles
CUST_145,TX_00332,2023-03-08,256.26,Clothing,Chicago
CUST_090,TX_00145,2023-03-08,196.3,Clothing,Houston
CUST_163,TX_00655,2023-03-09,270.89,Electronics,Houston
CUST_200,TX_00191,2023-03-10,476.19,Clothing,Chicago
CUST_082,TX_00092,2023-03-10,312.75,Clothing,New York
CUST_099,TX_00463,2023-03-10,311.36,Electronics,San Francisco
CUST_131,TX_00017,2023-03-11,228.2,Groceries,New York
CUST_103,TX_00860,2023-03-13,65.16,Clothing,Chicago
CUST_141,TX_00618,2023-03-13,220.53,Furniture,New York
CUST_050,TX_00864,2023-03-13,128.53,Groceries,San Francisco
CUST_190,TX_00830,2023-03-13,335.84,Clothing,Houston
CUST_063,TX_00476,2023-03-14,331.67,Furniture,Los Angeles
CUST_099,TX_00597,2023-03-14,324.86,Groceries,Houston
CUST_061,TX_00916,2023-03-14,304.32,Clothing,New York
CUST_156,TX_00755,2023-03-15,330.6,Books,New York
CUST_176,TX_00406,2023-03-16,169.09,Books,San Francisco
CUST_003,TX_00250,2023-03-16,274.61,Books,Chicago
CUST_086,TX_00800,2023-03-16,376.92,Furniture,Houston
CUST_190,TX_00038,2023-03-16,131.87,Electronics,New York
CUST_188,TX_00097,2023-03-17,347.87,Electronics,Chicago
CUST_138,TX_00882,2023-03-17,26.99,Electronics,San Francisco
CUST_036,TX_00418,2023-03-17,224.43,Furniture,New York
CUST_047,TX_00737,2023-03-18,293.02,Books,New York
CUST_183,TX_00898,2023-03-18,220.91,Books,San Francisco
CUST_116,TX_00300,2023-03-19,229.13,Clothing,San Francisco
CUST_158,TX_00340,2023-03-19,279.27,Books,Houston
CUST_123,TX_00117,2023-03-19,405.84,Groceries,San Francisco
CUST_095,TX_00836,2023-03-20,229.06,Furniture,Los Angeles
CUST_005,TX_00789,2023-03-20,252.16,Furniture,New York
CUST_074,TX_00885,2023-03-21,429.29,Furniture,San Francisco
CUST_093,TX_00506,2023-03-21,469.32,Electronics,New York
CUST_071,TX_00683,2023-03-22,266.46,Clothing,Los Angeles
CUST_116,TX_00378,2023-03-22,105.37,Books,San Francisco
CUST_179,TX_00511,2023-03-22,410.71,Electronics,San Francisco
CUST_035,TX_00359,2023-03-23,492.0,Furniture,Houston
CUST_004,TX_00539,2023-03-23,184.14,Electronics,New York
CUST_147,TX_00733,2023-03-23,109.85,Electronics,San Francisco
CUST_028,TX_00960,2023-03-23,211.4,Books,San Francisco
CUST_180,TX_00002,2023-03-24,113.22,Electronics,San Francisco
CUST_161,TX_00804,2023-03-25,422.31,Electronics,San Francisco
CUST_133,TX_00814,2023-03-25,429.31,Clothing,New York
CUST_042,TX_00274,2023-03-25,399.77,Books,San Francisco
CUST_149,TX_00926,2023-03-25,145.64,Electronics,Los Angeles
CUST_146,TX_00081,2023-03-25,485.26,Clothing,New York
CUST_090,TX_00931,2023-03-25,309.28,Books,Houston
CUST_192,TX_00353,2023-03-26,392.57,Clothing,New York
CUST_084,TX_00887,2023-03-27,41.18,Clothing,Chicago
CUST_010,TX_00528,2023-03-27,130.87,Books,Houston
CUST_013,TX_00159,2023-03-27,129.31,Furniture,New York
CUST_173,TX_00419,2023-03-28,134.79,Groceries,Chicago
CUST_194,TX_00316,2023-03-28,159.29,Books,Los Angeles
CUST_056,TX_00942,2023-03-28,290.3,Electronics,Los Angeles
CUST_029,TX_00880,2023-03-29,127.36,Furniture,Los Angeles
CUST_022,TX_00339,2023-03-29,481.93,Groceries,Houston
CUST_028,TX_00120,2023-03-30,223.44,Groceries,Los Angeles
CUST_047,TX_00516,2023-03-30,275.7,Books,Chicago
CUST_012,TX_00123,2023-03-30,276.8,Furniture,San Francisco
CUST_122,TX_00653,2023-03-30,454.15,Groceries,Houston
CUST_093,TX_00249,2023-03-31,124.52,Groceries,Houston
CUST_188,TX_00063,2023-03-31,30.37,Electronics,Los Angeles
CUST_136,TX_00678,2023-03-31,84.11,Books,Los Angeles
CUST_104,TX_00905,2023-03-31,307.47,Furniture,Chicago
CUST_069,TX_00888,2023-04-02,417.37,Groceries,New York
CUST_200,TX_00705,2023-04-02,35.46,Books,Los Angeles
CUST_055,TX_00810,2023-04-02,169.3,Books,New York
CUST_130,TX_00220,2023-04-02,277.88,Clothing,Chicago
CUST_176,TX_00335,2023-04-02,190.09,Clothing,Chicago
CUST_032,TX_00833,2023-04-03,338.66,Furniture,New York
CUST_151,TX_00972,2023-04-03,39.17,Clothing,Houston
CUST_200,TX_00089,2023-04-04,472.86,Groceries,Chicago
CUST_055,TX_00043,2023-04-04,27.97,Books,Los Angeles
CUST_190,TX_00090,2023-04-05,344.79,Furniture,Houston
CUST_130,TX_00024,2023-04-05,136.49,Furniture,Chicago
CUST_027,TX_00184,2023-04-05,135.72,Groceries,New York
CUST_091,TX_00869,2023-04-05,155.65,Books,Chicago
CUST_035,TX_00572,2023-04-06,285.13,Groceries,Houston
CUST_013,TX_00989,2023-04-06,300.89,Groceries,San Francisco
CUST_119,TX_00338,2023-04-06,76.23,Groceries,Chicago
CUST_033,TX_00334,2023-04-07,81.72,Furniture,San Francisco
CUST_143,TX_00155,2023-04-07,105.93,Books,San Francisco
CUST_178,TX_00549,2023-04-08,170.2,Furniture,San Francisco
CUST_161,TX_00403,2023-04-08,58.06,Furniture,Chicago
CUST_066,TX_00429,2023-04-08,42.66,Furniture,Houston
CUST_006,TX_00458,2023-04-08,386.92,Furniture,Los Angeles
CUST_146,TX_00657,2023-04-08,180.2,Furniture,Houston
CUST_177,TX_00795,2023-04-09,59.31,Clothing,Los Angeles
CUST_025,TX_00639,2023-04-09,37.96,Groceries,Houston
CUST_190,TX_00084,2023-04-11,227.44,Groceries,New York
CUST_015,TX_00004,2023-04-11,319.46,Clothing,Chicago
CUST_048,TX_00496,2023-04-11,133.6,Clothing,San Francisco
CUST_198,TX_00230,2023-04-11,361.62,Electronics,New York
CUST_106,TX_00876,2023-04-12,300.68,Electronics,Houston
CUST_034,TX_00492,2023-04-12,409.81,Electronics,Los Angeles
CUST_024,TX_00541,2023-04-13,281.57,Books,Houston
CUST_118,TX_00901,2023-04-13,389.2,Electronics,Houston
CUST_151,TX_00127,2023-04-14,204.12,Furniture,Los Angeles
CUST_130,TX_00210,2023-04-14,231.37,Clothing,Los Angeles
CUST_142,TX_00140,2023-04-14,433.03,Clothing,San Francisco
CUST_062,TX_00483,2023-04-14,225.31,Groceries,Chicago
CUST_103,TX_00141,2023-04-14,264.35,Furniture,Chicago
CUST_052,TX_00207,2023-04-14,337.1,Books,San Francisco
CUST_025,TX_00990,2023-04-15,14.96,Clothing,New York
CUST_009,TX_00659,2023-04-15,20.69,Clothing,Chicago
CUST_002,TX_00219,2023-04-16,307.48,Electronics,Los Angeles
CUST_195,TX_00909,2023-04-16,126.34,Groceries,Houston
CUST_147,TX_00625,2023-04-17,75.41,Groceries,Houston
CUST_122,TX_00490,2023-04-18,326.45,Furniture,Houston
CUST_084,TX_00546,2023-04-18,109.22,Electronics,Houston
CUST_168,TX_00562,2023-04-18,11.58,Furniture,Houston
CUST_104,TX_00402,2023-04-19,423.73,Books,New York
CUST_068,TX_00232,2023-04-20,495.72,Books,Los Angeles
CUST_063,TX_00149,2023-04-21,307.87,Books,Houston
CUST_039,TX_00209,2023-04-21,315.69,Books,Houston
CUST_001,TX_00928,2023-04-21,172.36,Books,New York
CUST_116,TX_00460,2023-04-21,197.15,Electronics,Los Angeles
CUST_150,TX_00018,2023-04-22,262.26,Furniture,San Francisco
CUST_061,TX_00355,2023-04-22,38.5,Furniture,Chicago
CUST_053,TX_00452,2023-04-23,384.54,Electronics,Houston
CUST_200,TX_00303,2023-04-23,460.5,Electronics,Los Angeles
CUST_130,TX_00059,2023-04-23,231.58,Books,Houston
CUST_054,TX_00744,2023-04-23,350.99,Electronics,Los Angeles
CUST_045,TX_00684,2023-04-24,66.24,Furniture,San Francisco
CUST_164,TX_00304,2023-04-24,253.51,Electronics,San Francisco
CUST_190,TX_00185,2023-04-25,481.83,Electronics,Houston
CUST_189,TX_00690,2023-04-25,50.05,Clothing,Los Angeles
CUST_058,TX_00387,2023-04-25,19.4,Books,Los Angeles
CUST_080,TX_00899,2023-04-26,165.3,Furniture,San Francisco
CUST_075,TX_00858,2023-04-27,147.95,Books,New York
CUST_180,TX_00532,2023-04-27,206.73,Clothing,Chicago
CUST_138,TX_00992,2023-04-27,457.51,Electronics,Chicago
CUST_020,TX_00420,2023-04-27,422.03,Clothing,Chicago
CUST_139,TX_00243,2023-04-27,121.06,Clothing,Los Angeles
CUST_090,TX_00278,2023-04-28,84.68,Clothing,Chicago
CUST_170,TX_00166,2023-04-28,135.82,Electronics,Chicago
CUST_108,TX_00042,2023-04-28,92.13,Furniture,Chicago
CUST_089,TX_00053,2023-04-28,142.18,Clothing,New York
CUST_117,TX_00366,2023-04-29,40.52,Books,Houston
CUST_099,TX_00954,2023-04-29,354.11,Groceries,New York
CUST_142,TX_00652,2023-04-30,40.7,Electronics,San Francisco
CUST_161,TX_00381,2023-04-30,415.49,Groceries,Chicago
CUST_157,TX_00774,2023-04-30,268.43,Electronics,New York
CUST_109,TX_00342,2023-04-30,221.92,Furniture,Chicago
CUST_184,TX_00907,2023-05-02,299.93,Groceries,Houston
CUST_061,TX_00947,2023-05-02,52.68,Groceries,New York
CUST_186,TX_00435,2023-05-02,30.42,Furniture,Los Angeles
CUST_086,TX_00163,2023-05-03,182.3,Books,New York
CUST_093,TX_00913,2023-05-03,248.96,Electronics,San Francisco
CUST_186,TX_00661,2023-05-03,482.06,Books,New York
CUST_005,TX_00673,2023-05-04,237.33,Groceries,Chicago
CUST_172,TX_00131,2023-05-05,126.4,Books,New York
CUST_045,TX_00936,2023-05-07,13.76,Books,Houston
CUST_113,TX_00218,2023-05-07,324.57,Clothing,Chicago
CUST_026,TX_00409,2023-05-08,194.19,Groceries,Los Angeles
CUST_018,TX_00384,2023-05-08,15.41,Clothing,Houston
CUST_090,TX_00255,2023-05-08,173.17,Electronics,San Francisco
CUST_183,TX_00480,2023-05-09,120.06,Electronics,Houston
CUST_125,TX_00438,2023-05-10,45.32,Groceries,Houston
CUST_027,TX_00802,2023-05-10,314.25,Books,San Francisco
CUST_121,TX_00183,2023-05-10,287.98,Clothing,Chicago
CUST_191,TX_00080,2023-05-10,339.98,Groceries,San Francisco
CUST_163,TX_00550,2023-05-11,82.96,Clothing,Los Angeles
CUST_129,TX_00488,2023-05-11,106.76,Clothing,New York
CUST_115,TX_00968,2023-05-11,10.77,Groceries,San Francisco
CUST_146,TX_00312,2023-05-11,440.21,Electronics,Houston
CUST_112,TX_00308,2023-05-12,465.99,Groceries,New York
CUST_041,TX_00119,2023-05-12,400.93,Clothing,Chicago
CUST_058,TX_00722,2023-05-13,41.95,Clothing,Chicago
CUST_018,TX_00051,2023-05-13,110.86,Groceries,Houston
CUST_184,TX_00215,2023-05-13,116.2,Furniture,Chicago
CUST_109,TX_00788,2023-05-14,185.32,Furniture,San Francisco
CUST_051,TX_00041,2023-05-14,91.85,Books,Houston
CUST_015,TX_00144,2023-05-14,177.21,Groceries,San Francisco
CUST_152,TX_00198,2023-05-14,211.4,Electronics,Los Angeles
CUST_143,TX_00426,2023-05-14,448.61,Books,Houston
CUST_030,TX_00176,2023-05-16,69.72,Groceries,New York
CUST_147,TX_00534,2023-05-17,109.98,Furniture,New York
CUST_021,TX_00027,2023-05-17,389.0,Clothing,San Francisco
CUST_154,TX_00096,2023-05-17,466.16,Electronics,Los Angeles
CUST_116,TX_00240,2023-05-17,448.15,Electronics,Houston
CUST_007,TX_00663,2023-05-17,469.04,Furniture,Chicago
CUST_054,TX_00076,2023-05-18,24.69,Clothing,New York
CUST_035,TX_00068,2023-05-19,476.39,Books,Los Angeles
CUST_152,TX_00600,2023-05-20,394.97,Clothing,Chicago
CUST_084,TX_00060,2023-05-20,467.6,Groceries,Los Angeles
CUST_186,TX_00206,2023-05-21,217.63,Books,San Francisco
CUST_037,TX_00287,2023-05-21,72.58,Groceries,New York
CUST_046,TX_00570,2023-05-21,41.78,Clothing,Chicago
CUST_021,TX_00590,2023-05-22,222.67,Furniture,New York
CUST_199,TX_00064,2023-05-22,82.69,Furniture,Houston
CUST_101,TX_00135,2023-05-23,305.69,Clothing,San Francisco
CUST_190,TX_00518,2023-05-23,259.1,Furniture,New York
CUST_025,TX_00908,2023-05-23,354.29,Books,San Francisco
CUST_054,TX_00296,2023-05-24,469.11,Furniture,San Francisco
CUST_039,TX_00646,2023-05-25,382.11,Clothing,San Francisco
CUST_113,TX_00832,2023-05-25,454.53,Furniture,Houston
CUST_131,TX_00137,2023-05-25,313.55,Clothing,New York
CUST_101,TX_00593,2023-05-26,303.13,Clothing,New York
CUST_170,TX_00408,2023-05-26,243.25,Electronics,New York
CUST_197,TX_00354,2023-05-27,235.3,Electronics,Los Angeles
CUST_081,TX_00948,2023-05-27,312.36,Furniture,New York
CUST_003,TX_00816,2023-05-27,420.15,Clothing,San Francisco
CUST_126,TX_00702,2023-05-27,261.13,Furniture,Los Angeles
CUST_144,TX_00277,2023-05-28,205.66,Books,Los Angeles
CUST_034,TX_00889,2023-05-28,303.5,Groceries,Houston
CUST_187,TX_00619,2023-05-28,437.64,Furniture,Chicago
CUST_155,TX_00192,2023-05-28,304.79,Furniture,Chicago
CUST_114,TX_00469,2023-05-28,401.37,Electronics,Los Angeles
CUST_144,TX_00510,2023-05-29,365.73,Electronics,Houston
CUST_015,TX_00447,2023-05-29,334.07,Books,Houston
CUST_024,TX_00238,2023-05-29,48.92,Clothing,San Francisco
CUST_130,TX_00962,2023-05-30,359.88,Furniture,San Francisco
CUST_011,TX_00269,2023-05-30,57.37,Books,Chicago
CUST_100,TX_00014,2023-05-30,251.22,Furniture,Los Angeles
CUST_111,TX_00352,2023-05-31,40.06,Furniture,San Francisco
CUST_044,TX_00986,2023-06-01,337.6,Groceries,Chicago
CUST_160,TX_00545,2023-06-01,375.41,Furniture,Chicago
CUST_199,TX_00260,2023-06-01,368.02,Groceries,Los Angeles
CUST_192,TX_00025,2023-06-01,331.8,Furniture,Chicago
CUST_094,TX_00461,2023-06-01,110.79,Clothing,New York
CUST_192,TX_00595,2023-06-02,499.19,Groceries,San Francisco
CUST_057,TX_00417,2023-06-02,347.19,Electronics,San Francisco
CUST_193,TX_00847,2023-06-02,147.22,Books,San Francisco
CUST_175,TX_00136,2023-06-02,337.42,Furniture,San Francisco
CUST_113,TX_00613,2023-06-02,143.8,Electronics,San Francisco
CUST_185,TX_00270,2023-06-03,230.68,Electronics,Chicago
CUST_095,TX_00900,2023-06-03,222.95,Clothing,Houston
CUST_130,TX_00400,2023-06-03,278.5,Electronics,Los Angeles
CUST_144,TX_00244,2023-06-03,183.95,Clothing,New York
CUST_120,TX_00475,2023-06-03,407.77,Furniture,San Francisco
CUST_166,TX_00719,2023-06-04,492.64,Furniture,Chicago
CUST_117,TX_00743,2023-06-04,87.4,Groceries,New York
CUST_178,TX_00271,2023-06-05,380.52,Electronics,New York
CUST_096,TX_00150,2023-06-06,384.79,Electronics,Houston
CUST_075,TX_00178,2023-06-06,343.75,Clothing,Houston
CUST_063,TX_00799,2023-06-06,230.67,Books,Houston
CUST_132,TX_00153,2023-06-06,478.21,Clothing,Houston
CUST_084,TX_00175,2023-06-06,212.64,Furniture,Los Angeles
CUST_164,TX_00591,2023-06-07,53.41,Furniture,New York
CUST_048,TX_00292,2023-06-07,158.53,Furniture,New York
CUST_160,TX_00380,2023-06-07,212.92,Furniture,Houston
CUST_118,TX_00731,2023-06-07,390.05,Clothing,San Francisco
CUST_062,TX_00168,2023-06-08,160.57,Furniture,Chicago
CUST_128,TX_00544,2023-06-08,27.3,Furniture,Houston
CUST_119,TX_00979,2023-06-08,69.3,Electronics,San Francisco
CUST_145,TX_00884,2023-06-09,497.76,Electronics,Houston
CUST_042,TX_00649,2023-06-09,42.03,Books,Chicago
CUST_149,TX_00729,2023-06-09,412.83,Books,Houston
CUST_028,TX_00351,2023-06-10,84.49,Electronics,Chicago
CUST_039,TX_00265,2023-06-10,95.9,Groceries,Los Angeles
CUST_065,TX_00560,2023-06-10,212.18,Groceries,Houston
CUST_006,TX_00890,2023-06-10,66.32,Electronics,San Francisco
CUST_104,TX_00072,2023-06-10,262.64,Books,Houston
CUST_082,TX_00315,2023-06-11,397.11,Electronics,Houston
CUST_165,TX_00820,2023-06-11,261.2,Furniture,Houston
CUST_083,TX_00821,2023-06-12,159.6,Furniture,New York
CUST_102,TX_00753,2023-06-12,100.27,Clothing,San Francisco
CUST_008,TX_00451,2023-06-13,333.55,Furniture,Los Angeles
CUST_047,TX_00782,2023-06-13,274.99,Furniture,Chicago
CUST_135,TX_00416,2023-06-14,164.55,Groceries,Los Angeles
CUST_163,TX_00114,2023-06-14,208.03,Clothing,San Francisco
CUST_182,TX_00344,2023-06-14,258.01,Electronics,Chicago
CUST_085,TX_00855,2023-06-15,366.07,Groceries,Chicago
CUST_008,TX_00903,2023-06-15,447.34,Furniture,Los Angeles
CUST_104,TX_00306,2023-06-15,427.2,Groceries,Los Angeles
CUST_179,TX_00870,2023-06-15,156.96,Groceries,San Francisco
CUST_054,TX_00079,2023-06-17,108.91,Clothing,Los Angeles
CUST_098,TX_00428,2023-06-17,310.83,Electronics,San Francisco
CUST_148,TX_00704,2023-06-17,235.03,Books,Los Angeles
CUST_001,TX_00710,2023-06-18,171.81,Furniture,New York
CUST_044,TX_00565,2023-06-19,399.16,Clothing,San Francisco
CUST_170,TX_00667,2023-06-19,368.1,Books,Chicago
CUST_153,TX_00716,2023-06-19,436.58,Furniture,San Francisco
CUST_033,TX_00552,2023-06-20,439.56,Electronics,New York
CUST_113,TX_00212,2023-06-20,92.33,Groceries,Chicago
CUST_001,TX_00491,2023-06-21,150.09,Groceries,Houston
CUST_106,TX_00077,2023-06-21,160.89,Clothing,Houston
CUST_073,TX_00049,2023-06-22,296.82,Groceries,New York
CUST_129,TX_00182,2023-06-22,62.37,Electronics,Los Angeles
CUST_008,TX_00952,2023-06-22,438.37,Electronics,Houston
CUST_051,TX_00433,2023-06-22,260.99,Electronics,San Francisco
CUST_132,TX_00906,2023-06-23,319.34,Clothing,Houston
CUST_039,TX_00838,2023-06-23,433.64,Clothing,San Francisco
CUST_177,TX_00803,2023-06-24,182.66,Clothing,New York
CUST_075,TX_00301,2023-06-24,304.29,Electronics,Houston
CUST_082,TX_00779,2023-06-24,101.83,Clothing,Houston
CUST_083,TX_00677,2023-06-25,65.91,Books,Chicago
CUST_186,TX_00535,2023-06-25,281.99,Books,Chicago
CUST_086,TX_00681,2023-06-25,426.8,Furniture,New York
CUST_145,TX_00988,2023-06-26,187.34,Books,Chicago
CUST_082,TX_00266,2023-06-26,348.1,Clothing,San Francisco
CUST_007,TX_00276,2023-06-26,124.97,Clothing,San Francisco
CUST_120,TX_00588,2023-06-26,82.25,Furniture,New York
CUST_099,TX_00637,2023-06-26,478.74,Groceries,Los Angeles
CUST_189,TX_00319,2023-06-27,95.03,Electronics,Chicago
CUST_132,TX_00073,2023-06-27,249.53,Furniture,Houston
CUST_151,TX_00643,2023-06-27,454.06,Furniture,Los Angeles
CUST_170,TX_00923,2023-06-27,241.52,Electronics,Chicago
CUST_099,TX_00130,2023-06-28,229.86,Furniture,New York
CUST_148,TX_00258,2023-06-28,334.3,Furniture,Houston
CUST_042,TX_00146,2023-06-28,205.42,Books,Houston
CUST_133,TX_00879,2023-06-28,48.69,Groceries,Los Angeles
CUST_072,TX_00006,2023-06-29,74.47,Electronics,San Francisco
CUST_161,TX_00262,2023-06-29,39.47,Groceries,Houston
CUST_113,TX_00715,2023-06-30,441.0,Books,New York
CUST_118,TX_00842,2023-06-30,64.25,Electronics,San Francisco
CUST_049,TX_00443,2023-06-30,183.09,Clothing,Chicago
CUST_096,TX_00259,2023-07-01,283.31,Furniture,San Francisco
CUST_008,TX_00345,2023-07-01,225.36,Groceries,Chicago
CUST_183,TX_00233,2023-07-01,72.91,Books,San Francisco
CUST_047,TX_00956,2023-07-02,74.43,Groceries,San Francisco
CUST_161,TX_00553,2023-07-02,498.2,Furniture,Houston
CUST_108,TX_00173,2023-07-03,360.91,Furniture,Los Angeles
CUST_115,TX_00580,2023-07-04,47.76,Clothing,Houston
CUST_108,TX_00691,2023-07-05,234.57,Books,Los Angeles
CUST_008,TX_01000,2023-07-05,79.65,Books,Chicago
CUST_151,TX_00601,2023-07-06,67.98,Electronics,Houston
CUST_060,TX_00453,2023-07-06,139.87,Furniture,San Francisco
CUST_117,TX_00720,2023-07-07,388.29,Furniture,Chicago
CUST_073,TX_00938,2023-07-07,27.99,Electronics,San Francisco
CUST_004,TX_00358,2023-07-07,350.57,Books,Chicago
CUST_152,TX_00547,2023-07-07,479.46,Furniture,New York
CUST_074,TX_00750,2023-07-07,491.93,Furniture,Los Angeles
CUST_113,TX_00281,2023-07-08,274.58,Electronics,San Francisco
CUST_153,TX_00434,2023-07-09,343.31,Furniture,Chicago
CUST_161,TX_00718,2023-07-10,231.11,Clothing,San Francisco
CUST_192,TX_00769,2023-07-11,442.14,Electronics,Chicago
CUST_134,TX_00778,2023-07-11,368.43,Books,San Francisco
CUST_177,TX_00596,2023-07-12,467.23,Furniture,Chicago
CUST_145,TX_00772,2023-07-12,16.18,Electronics,New York
CUST_058,TX_00441,2023-07-12,478.69,Books,Los Angeles
CUST_144,TX_00902,2023-07-13,304.94,Furniture,Houston
CUST_131,TX_00045,2023-07-13,335.26,Electronics,New York
CUST_113,TX_00302,2023-07-13,262.68,Furniture,Los Angeles
CUST_046,TX_00365,2023-07-14,349.16,Electronics,Los Angeles
CUST_099,TX_00807,2023-07-14,320.73,Clothing,Los Angeles
CUST_174,TX_00664,2023-07-14,35.61,Groceries,Chicago
CUST_036,TX_00158,2023-07-15,450.03,Books,San Francisco
CUST_060,TX_00764,2023-07-15,214.7,Clothing,Chicago
CUST_017,TX_00362,2023-07-16,69.48,Furniture,San Francisco
CUST_152,TX_00016,2023-07-17,436.67,Clothing,Houston
CUST_185,TX_00513,2023-07-17,257.87,Groceries,Houston
CUST_168,TX_00263,2023-07-17,285.53,Books,Houston
CUST_012,TX_00604,2023-07-17,198.08,Furniture,Los Angeles
CUST_137,TX_00143,2023-07-17,22.56,Electronics,New York
CUST_062,TX_00614,2023-07-18,263.86,Electronics,Houston
CUST_162,TX_00840,2023-07-18,196.4,Clothing,New York
CUST_101,TX_00526,2023-07-18,236.16,Groceries,Houston
CUST_059,TX_00199,2023-07-19,421.53,Electronics,New York
CUST_029,TX_00514,2023-07-19,421.94,Electronics,New York
CUST_086,TX_00395,2023-07-20,488.18,Furniture,San Francisco
CUST_145,TX_00474,2023-07-20,376.56,Books,San Francisco
CUST_019,TX_00477,2023-07-20,72.77,Groceries,Houston
CUST_098,TX_00241,2023-07-21,104.01,Groceries,Houston
CUST_191,TX_00379,2023-07-21,190.2,Books,Los Angeles
CUST_007,TX_00969,2023-07-21,321.84,Clothing,Chicago
CUST_053,TX_00891,2023-07-21,55.99,Clothing,Los Angeles
CUST_135,TX_00047,2023-07-22,423.64,Clothing,San Francisco
CUST_197,TX_00781,2023-07-23,411.34,Electronics,Houston
CUST_021,TX_00920,2023-07-23,44.76,Groceries,Chicago
CUST_192,TX_00862,2023-07-24,274.94,Furniture,Los Angeles
CUST_133,TX_00849,2023-07-25,153.19,Electronics,Los Angeles
CUST_146,TX_00736,2023-07-25,398.5,Books,Los Angeles
CUST_107,TX_00973,2023-07-26,305.86,Electronics,Houston
CUST_173,TX_00828,2023-07-27,385.37,Groceries,Chicago
CUST_046,TX_00932,2023-07-27,147.53,Clothing,Chicago
CUST_038,TX_00863,2023-07-28,57.3,Books,Chicago
CUST_067,TX_00388,2023-07-28,137.31,Books,New York
CUST_054,TX_00386,2023-07-28,245.86,Furniture,San Francisco
CUST_067,TX_00559,2023-07-29,201.85,Groceries,Chicago
CUST_187,TX_00252,2023-07-29,328.93,Clothing,New York
CUST_012,TX_00208,2023-07-29,56.81,Groceries,Houston
CUST_141,TX_00775,2023-07-29,362.48,Books,Chicago
CUST_078,TX_00961,2023-07-30,454.73,Electronics,New York
CUST_009,TX_00289,2023-07-30,393.19,Furniture,Chicago
CUST_009,TX_00056,2023-07-31,468.94,Clothing,Houston
CUST_136,TX_00113,2023-08-01,440.47,Clothing,Chicago
CUST_192,TX_00978,2023-08-01,190.84,Books,New York
CUST_081,TX_00878,2023-08-02,100.81,Groceries,Chicago
CUST_130,TX_00226,2023-08-02,76.86,Electronics,Chicago
CUST_066,TX_00857,2023-08-02,416.4,Electronics,Chicago
CUST_086,TX_00512,2023-08-03,114.62,Groceries,New York
CUST_069,TX_00636,2023-08-03,331.91,Electronics,New York
CUST_160,TX_00288,2023-08-03,414.77,Groceries,New York
CUST_069,TX_00538,2023-08-03,102.13,Electronics,Chicago
CUST_137,TX_00404,2023-08-03,249.24,Clothing,New York
CUST_128,TX_00383,2023-08-03,386.96,Electronics,Chicago
CUST_028,TX_00172,2023-08-04,309.06,Groceries,San Francisco
CUST_141,TX_00701,2023-08-04,40.51,Books,New York
CUST_109,TX_00647,2023-08-04,230.37,Electronics,Chicago
CUST_195,TX_00507,2023-08-04,31.16,Electronics,San Francisco
CUST_079,TX_00874,2023-08-05,427.61,Books,Houston
CUST_090,TX_00481,2023-08-05,192.36,Books,New York
CUST_062,TX_00205,2023-08-06,413.08,Books,Houston
CUST_199,TX_00628,2023-08-06,253.27,Books,New York
CUST_041,TX_00768,2023-08-07,91.32,Electronics,Chicago
CUST_092,TX_00427,2023-08-07,321.97,Clothing,Houston
CUST_017,TX_00983,2023-08-08,49.29,Electronics,New York
CUST_190,TX_00037,2023-08-08,221.13,Furniture,San Francisco
CUST_113,TX_00953,2023-08-09,251.84,Groceries,Los Angeles
CUST_090,TX_00761,2023-08-10,403.77,Electronics,Chicago
CUST_166,TX_00305,2023-08-10,496.16,Electronics,Houston
CUST_054,TX_00848,2023-08-10,430.59,Clothing,San Francisco
CUST_024,TX_00371,2023-08-10,160.06,Clothing,San Francisco
CUST_016,TX_00540,2023-08-11,394.06,Clothing,Houston
CUST_027,TX_00346,2023-08-11,61.78,Books,Houston
CUST_170,TX_00034,2023-08-11,264.69,Clothing,San Francisco
CUST_185,TX_00748,2023-08-11,454.01,Electronics,Houston
CUST_051,TX_00918,2023-08-11,258.07,Clothing,San Francisco
CUST_143,TX_00740,2023-08-12,204.03,Groceries,Chicago
CUST_070,TX_00687,2023-08-12,43.16,Books,San Francisco
CUST_197,TX_00286,2023-08-12,380.08,Furniture,San Francisco
CUST_008,TX_00757,2023-08-12,225.76,Electronics,New York
CUST_025,TX_00385,2023-08-12,213.92,Electronics,Los Angeles
CUST_090,TX_00057,2023-08-13,29.28,Electronics,San Francisco
CUST_115,TX_00895,2023-08-13,440.7,Groceries,New York
CUST_001,TX_00138,2023-08-13,237.11,Books,Houston
CUST_103,TX_00009,2023-08-14,98.04,Books,Houston
CUST_017,TX_00612,2023-08-14,417.53,Clothing,Houston
CUST_194,TX_00672,2023-08-14,287.01,Furniture,New York
CUST_076,TX_00626,2023-08-14,49.49,Electronics,Los Angeles
CUST_093,TX_00372,2023-08-14,315.71,Furniture,Houston
CUST_118,TX_00792,2023-08-14,95.14,Clothing,Chicago
CUST_141,TX_00665,2023-08-14,215.21,Clothing,New York
CUST_124,TX_00470,2023-08-15,153.48,Books,San Francisco
CUST_043,TX_00564,2023-08-15,184.19,Books,Chicago
CUST_103,TX_00456,2023-08-15,484.25,Furniture,Houston
CUST_186,TX_00650,2023-08-15,248.91,Groceries,New York
CUST_081,TX_00573,2023-08-15,284.72,Groceries,Los Angeles
CUST_194,TX_00784,2023-08-15,164.03,Electronics,Houston
CUST_134,TX_00170,2023-08-16,274.19,Clothing,Houston
CUST_109,TX_00994,2023-08-16,438.11,Groceries,Los Angeles
CUST_047,TX_00853,2023-08-16,18.82,Books,Los Angeles
CUST_058,TX_00489,2023-08-17,444.59,Groceries,Los Angeles
CUST_129,TX_00108,2023-08-17,209.38,Electronics,Houston
CUST_088,TX_00012,2023-08-17,98.68,Electronics,New York
CUST_049,TX_00032,2023-08-17,46.01,Clothing,Houston
CUST_195,TX_00331,2023-08-17,95.67,Books,Houston
CUST_096,TX_00152,2023-08-19,361.88,Furniture,New York
CUST_005,TX_00455,2023-08-20,50.26,Books,New York
CUST_118,TX_00745,2023-08-21,398.7,Electronics,New York
CUST_151,TX_00897,2023-08-21,263.55,Clothing,San Francisco
CUST_117,TX_00756,2023-08-21,84.53,Electronics,Houston
CUST_158,TX_00364,2023-08-22,59.51,Groceries,New York
CUST_044,TX_00723,2023-08-23,237.33,Furniture,San Francisco
CUST_127,TX_00398,2023-08-23,249.05,Books,Chicago
CUST_149,TX_00809,2023-08-24,341.33,Electronics,Los Angeles
CUST_145,TX_00851,2023-08-24,379.44,Electronics,New York
CUST_103,TX_00001,2023-08-24,457.06,Electronics,Chicago
CUST_053,TX_00094,2023-08-24,289.6,Groceries,San Francisco
CUST_135,TX_00582,2023-08-24,173.78,Groceries,San Francisco
CUST_162,TX_00579,2023-08-24,254.15,Electronics,Los Angeles
CUST_191,TX_00431,2023-08-25,83.58,Furniture,San Francisco
CUST_126,TX_00698,2023-08-25,211.77,Groceries,New York
CUST_135,TX_00121,2023-08-25,410.74,Electronics,San Francisco
CUST_114,TX_00392,2023-08-25,115.45,Furniture,Chicago
CUST_036,TX_00950,2023-08-26,179.16,Books,Chicago
CUST_135,TX_00330,2023-08-27,384.76,Clothing,Chicago
CUST_196,TX_00583,2023-08-27,394.6,Books,San Francisco
CUST_013,TX_00468,2023-08-27,484.56,Books,San Francisco
CUST_123,TX_00641,2023-08-29,138.24,Books,New York
CUST_028,TX_00629,2023-08-29,224.06,Furniture,Los Angeles
CUST_194,TX_00892,2023-08-30,455.72,Groceries,Chicago
CUST_028,TX_00766,2023-08-30,337.28,Groceries,Houston
CUST_058,TX_00029,2023-08-31,485.21,Furniture,San Francisco
CUST_003,TX_00970,2023-08-31,35.06,Furniture,Chicago
CUST_121,TX_00186,2023-08-31,246.94,Clothing,Chicago
CUST_048,TX_00946,2023-08-31,204.54,Electronics,Chicago
CUST_140,TX_00623,2023-08-31,234.51,Electronics,San Francisco
CUST_111,TX_00999,2023-08-31,271.64,Clothing,San Francisco
CUST_187,TX_00247,2023-09-01,43.13,Books,Chicago
CUST_106,TX_00471,2023-09-01,490.19,Groceries,San Francisco
CUST_090,TX_00578,2023-09-02,414.27,Clothing,Los Angeles
CUST_151,TX_00396,2023-09-03,402.75,Furniture,Chicago
CUST_047,TX_00462,2023-09-03,69.48,Electronics,New York
CUST_012,TX_00568,2023-09-04,245.68,Electronics,Los Angeles
CUST_142,TX_00324,2023-09-04,413.02,Clothing,Chicago
CUST_161,TX_00028,2023-09-04,74.13,Clothing,Los Angeles
CUST_136,TX_00329,2023-09-06,307.06,Groceries,Los Angeles
CUST_173,TX_00726,2023-09-06,253.93,Books,Chicago
CUST_052,TX_00466,2023-09-07,269.85,Furniture,Chicago
CUST_069,TX_00529,2023-09-07,365.97,Groceries,New York
CUST_068,TX_00991,2023-09-07,321.69,Groceries,Los Angeles
CUST_141,TX_00567,2023-09-08,298.22,Groceries,Chicago
CUST_147,TX_00257,2023-09-08,497.13,Groceries,Chicago
CUST_153,TX_00783,2023-09-08,358.02,Books,Houston
CUST_133,TX_00929,2023-09-08,246.2,Clothing,New York
CUST_166,TX_00676,2023-09-08,181.26,Furniture,Houston
CUST_029,TX_00157,2023-09-11,327.26,Clothing,Chicago
CUST_062,TX_00194,2023-09-11,443.26,Clothing,New York
CUST_048,TX_00326,2023-09-12,432.39,Furniture,Houston
CUST_037,TX_00370,2023-09-13,311.46,Groceries,San Francisco
CUST_152,TX_00299,2023-09-14,204.52,Groceries,Los Angeles
CUST_181,TX_00817,2023-09-14,146.85,Clothing,Houston
CUST_140,TX_00285,2023-09-14,53.67,Furniture,San Francisco
CUST_172,TX_00228,2023-09-14,208.12,Electronics,San Francisco
CUST_185,TX_00735,2023-09-15,150.7,Furniture,Los Angeles
CUST_128,TX_00630,2023-09-16,367.46,Books,New York
CUST_050,TX_00071,2023-09-16,232.82,Clothing,New York
CUST_112,TX_00616,2023-09-17,470.93,Electronics,Houston
CUST_099,TX_00368,2023-09-18,498.38,Electronics,Chicago
CUST_111,TX_00633,2023-09-18,309.01,Clothing,Chicago
CUST_134,TX_00075,2023-09-18,78.43,Clothing,Los Angeles
CUST_122,TX_00671,2023-09-18,107.07,Books,Chicago
CUST_190,TX_00177,2023-09-18,98.76,Furniture,New York
CUST_052,TX_00631,2023-09-19,385.1,Furniture,New York
CUST_111,TX_00997,2023-09-19,452.2,Clothing,Los Angeles
CUST_173,TX_00700,2023-09-19,277.26,Electronics,San Francisco
CUST_102,TX_00815,2023-09-19,121.32,Furniture,San Francisco
CUST_178,TX_00915,2023-09-19,475.76,Electronics,San Francisco
CUST_097,TX_00350,2023-09-20,328.6,Books,Houston
CUST_005,TX_00921,2023-09-21,134.65,Books,Chicago
CUST_099,TX_00309,2023-09-21,67.02,Groceries,Los Angeles
CUST_154,TX_00509,2023-09-21,74.55,Furniture,San Francisco
CUST_187,TX_00336,2023-09-21,43.4,Books,Houston
CUST_048,TX_00087,2023-09-22,349.39,Books,Houston
CUST_110,TX_00314,2023-09-23,404.9,Furniture,Chicago
CUST_100,TX_00524,2023-09-23,382.95,Groceries,San Francisco
CUST_058,TX_00584,2023-09-23,356.76,Furniture,New York
CUST_076,TX_00658,2023-09-24,450.92,Books,Houston
CUST_009,TX_00106,2023-09-24,33.62,Books,Houston
CUST_054,TX_00448,2023-09-24,100.75,Electronics,New York
CUST_051,TX_00877,2023-09-24,447.23,Books,Los Angeles
CUST_053,TX_00227,2023-09-24,350.62,Furniture,Chicago
CUST_094,TX_00517,2023-09-25,299.27,Furniture,Los Angeles
CUST_032,TX_00430,2023-09-25,264.02,Groceries,New York
CUST_095,TX_00569,2023-09-26,324.74,Clothing,New York
CUST_167,TX_00651,2023-09-26,26.47,Electronics,New York
CUST_131,TX_00711,2023-09-26,380.81,Books,San Francisco
CUST_136,TX_00109,2023-09-27,436.67,Books,Los Angeles
CUST_100,TX_00530,2023-09-27,495.99,Groceries,Los Angeles
CUST_035,TX_00777,2023-09-27,48.91,Furniture,Houston
CUST_051,TX_00827,2023-09-28,436.89,Clothing,Houston
CUST_085,TX_00797,2023-09-28,79.57,Electronics,Houston
CUST_105,TX_00581,2023-09-29,38.69,Furniture,Houston
CUST_057,TX_00850,2023-09-30,456.28,Groceries,New York
CUST_080,TX_00542,2023-09-30,12.56,Groceries,New York
CUST_095,TX_00086,2023-09-30,96.8,Groceries,Houston
CUST_001,TX_00826,2023-10-01,469.77,Books,New York
CUST_130,TX_00571,2023-10-01,294.19,Books,Houston
CUST_082,TX_00866,2023-10-01,239.7,Electronics,Houston
CUST_014,TX_00055,2023-10-02,270.27,Clothing,Los Angeles
CUST_118,TX_00495,2023-10-02,460.27,Groceries,Los Angeles
CUST_098,TX_00865,2023-10-04,16.08,Groceries,Los Angeles
CUST_104,TX_00015,2023-10-04,131.14,Books,New York
CUST_194,TX_00397,2023-10-05,480.19,Furniture,San Francisco
CUST_186,TX_00763,2023-10-05,483.89,Groceries,Los Angeles
CUST_078,TX_00824,2023-10-07,158.93,Clothing,Houston
CUST_188,TX_00377,2023-10-07,230.39,Groceries,Chicago
CUST_085,TX_00823,2023-10-08,26.26,Groceries,San Francisco
CUST_032,TX_00393,2023-10-08,15.94,Groceries,Chicago
CUST_023,TX_00527,2023-10-09,14.57,Books,San Francisco
CUST_170,TX_00445,2023-10-09,181.35,Groceries,Chicago
CUST_189,TX_00007,2023-10-09,360.75,Books,New York
CUST_003,TX_00188,2023-10-09,279.61,Clothing,San Francisco
CUST_198,TX_00190,2023-10-10,320.24,Furniture,Houston
CUST_145,TX_00682,2023-10-11,285.0,Electronics,Chicago
CUST_115,TX_00780,2023-10-12,430.51,Electronics,Houston
CUST_104,TX_00267,2023-10-12,108.46,Clothing,Houston
CUST_131,TX_00293,2023-10-12,138.93,Books,Houston
CUST_147,TX_00357,2023-10-12,38.31,Electronics,Chicago
CUST_026,TX_00798,2023-10-12,180.49,Groceries,Chicago
CUST_065,TX_00793,2023-10-12,358.89,Clothing,Los Angeles
CUST_152,TX_00295,2023-10-13,52.94,Groceries,Houston
CUST_139,TX_00111,2023-10-13,287.84,Books,New York
CUST_115,TX_00425,2023-10-14,333.08,Furniture,San Francisco
CUST_054,TX_00221,2023-10-14,123.65,Clothing,Los Angeles
CUST_059,TX_00801,2023-10-15,329.06,Clothing,Los Angeles
CUST_037,TX_00129,2023-10-15,200.39,Electronics,Houston
CUST_038,TX_00341,2023-10-15,483.25,Electronics,New York
CUST_127,TX_00957,2023-10-15,144.62,Clothing,Houston
CUST_163,TX_00318,2023-10-15,207.46,Clothing,New York
CUST_128,TX_00313,2023-10-15,435.35,Books,Houston
CUST_039,TX_00523,2023-10-15,321.78,Clothing,Los Angeles
CUST_168,TX_00465,2023-10-16,325.51,Clothing,Chicago
CUST_171,TX_00156,2023-10-16,13.71,Groceries,New York
CUST_030,TX_00875,2023-10-16,337.22,Furniture,San Francisco
CUST_052,TX_00151,2023-10-16,408.36,Books,San Francisco
CUST_111,TX_00896,2023-10-16,290.17,Clothing,Chicago
CUST_195,TX_00699,2023-10-16,328.98,Electronics,San Francisco
CUST_117,TX_00013,2023-10-16,428.65,Electronics,Los Angeles
CUST_081,TX_00112,2023-10-18,371.84,Books,New York
CUST_115,TX_00337,2023-10-18,22.65,Electronics,Chicago
CUST_097,TX_00245,2023-10-18,44.02,Clothing,Chicago
CUST_140,TX_00487,2023-10-18,69.54,Electronics,Los Angeles
CUST_180,TX_00444,2023-10-19,155.3,Electronics,Houston
CUST_116,TX_00187,2023-10-19,404.94,Books,Chicago
CUST_175,TX_00067,2023-10-20,12.42,Groceries,Los Angeles
CUST_043,TX_00405,2023-10-20,83.52,Clothing,New York
CUST_152,TX_00594,2023-10-20,370.47,Books,San Francisco
CUST_124,TX_00551,2023-10-20,159.75,Groceries,Los Angeles
CUST_039,TX_00981,2023-10-20,378.08,Furniture,Chicago
CUST_190,TX_00602,2023-10-20,210.85,Books,Houston
CUST_081,TX_00216,2023-10-20,56.9,Groceries,Chicago
CUST_124,TX_00369,2023-10-20,408.85,Clothing,Chicago
CUST_148,TX_00251,2023-10-21,441.24,Books,Los Angeles
CUST_045,TX_00167,2023-10-21,149.59,Groceries,Houston
CUST_014,TX_00739,2023-10-22,400.98,Clothing,San Francisco
CUST_108,TX_00454,2023-10-22,20.26,Clothing,New York
CUST_113,TX_00605,2023-10-22,290.22,Books,New York
CUST_034,TX_00998,2023-10-22,42.56,Furniture,San Francisco
CUST_048,TX_00126,2023-10-22,189.57,Clothing,Chicago
CUST_188,TX_00449,2023-10-23,95.31,Electronics,Chicago
CUST_162,TX_00124,2023-10-23,12.82,Books,Los Angeles
CUST_147,TX_00224,2023-10-23,253.42,Electronics,San Francisco
CUST_157,TX_00100,2023-10-23,332.85,Clothing,Houston
CUST_092,TX_00478,2023-10-23,175.75,Furniture,Los Angeles
CUST_126,TX_00225,2023-10-24,494.01,Clothing,Chicago
CUST_155,TX_00937,2023-10-24,117.34,Furniture,Chicago
CUST_103,TX_00189,2023-10-26,31.27,Groceries,New York
CUST_014,TX_00959,2023-10-27,216.7,Clothing,San Francisco
CUST_167,TX_00050,2023-10-27,435.45,Furniture,Houston
CUST_140,TX_00548,2023-10-28,190.29,Clothing,Los Angeles
CUST_063,TX_00945,2023-10-28,466.56,Clothing,New York
CUST_166,TX_00873,2023-10-28,452.42,Groceries,Los Angeles
CUST_036,TX_00686,2023-10-28,364.18,Clothing,Los Angeles
CUST_180,TX_00203,2023-10-29,392.46,Clothing,New York
CUST_051,TX_00343,2023-10-29,162.79,Clothing,Los Angeles
CUST_160,TX_00229,2023-10-29,219.82,Books,New York
CUST_008,TX_00575,2023-10-29,341.47,Groceries,New York
CUST_013,TX_00607,2023-10-29,100.39,Groceries,San Francisco
CUST_185,TX_00169,2023-10-30,403.48,Electronics,Houston
CUST_191,TX_00503,2023-10-30,96.94,Furniture,Los Angeles
CUST_197,TX_00812,2023-10-30,44.12,Books,New York
CUST_049,TX_00361,2023-10-30,79.7,Clothing,Houston
CUST_160,TX_00201,2023-10-30,183.18,Electronics,Los Angeles
CUST_167,TX_00709,2023-10-31,90.71,Electronics,Houston
CUST_117,TX_00498,2023-11-01,235.66,Clothing,Chicago
CUST_096,TX_00910,2023-11-01,261.06,Clothing,Los Angeles
CUST_036,TX_00598,2023-11-01,216.41,Clothing,Chicago
CUST_040,TX_00091,2023-11-01,253.62,Books,Chicago
CUST_148,TX_00294,2023-11-01,186.47,Clothing,Los Angeles
CUST_115,TX_00976,2023-11-01,198.08,Groceries,San Francisco
CUST_046,TX_00776,2023-11-02,446.23,Furniture,Houston
CUST_056,TX_00958,2023-11-03,203.34,Furniture,New York
CUST_086,TX_00442,2023-11-03,371.38,Groceries,Los Angeles
CUST_005,TX_00139,2023-11-05,196.1,Electronics,San Francisco
CUST_069,TX_00239,2023-11-05,51.97,Groceries,San Francisco
CUST_086,TX_00432,2023-11-05,371.34,Groceries,Los Angeles
CUST_034,TX_00834,2023-11-05,284.62,Electronics,Houston
CUST_180,TX_00955,2023-11-05,496.48,Clothing,Los Angeles
CUST_100,TX_00622,2023-11-06,403.3,Clothing,Los Angeles
CUST_150,TX_00439,2023-11-06,44.92,Furniture,San Francisco
CUST_196,TX_00457,2023-11-06,154.77,Books,Los Angeles
CUST_017,TX_00886,2023-11-06,265.51,Clothing,Chicago
CUST_027,TX_00347,2023-11-07,324.0,Books,Chicago
CUST_074,TX_00563,2023-11-07,313.6,Clothing,New York
CUST_188,TX_00026,2023-11-07,169.34,Groceries,Los Angeles
CUST_192,TX_00502,2023-11-07,331.52,Furniture,Chicago
CUST_014,TX_00965,2023-11-08,413.66,Clothing,Chicago
CUST_055,TX_00464,2023-11-08,389.57,Books,Houston
CUST_184,TX_00234,2023-11-09,61.01,Furniture,Houston
CUST_033,TX_00323,2023-11-09,324.08,Electronics,San Francisco
CUST_009,TX_00627,2023-11-09,366.69,Groceries,New York
CUST_142,TX_00424,2023-11-09,322.23,Furniture,Los Angeles
CUST_198,TX_00242,2023-11-09,168.45,Furniture,San Francisco
CUST_034,TX_00933,2023-11-10,111.43,Furniture,New York
CUST_160,TX_00725,2023-11-10,273.96,Books,New York
CUST_122,TX_00010,2023-11-11,126.4,Books,Chicago
CUST_001,TX_00537,2023-11-11,311.83,Furniture,Los Angeles
CUST_123,TX_00844,2023-11-12,30.59,Books,San Francisco
CUST_065,TX_00680,2023-11-12,132.97,Clothing,San Francisco
CUST_063,TX_00110,2023-11-12,393.37,Groceries,San Francisco
CUST_131,TX_00211,2023-11-12,297.44,Clothing,Houston
CUST_155,TX_00912,2023-11-13,198.41,Groceries,Houston
CUST_070,TX_00927,2023-11-14,486.05,Groceries,Los Angeles
CUST_154,TX_00577,2023-11-14,142.21,Electronics,San Francisco
CUST_158,TX_00022,2023-11-14,201.63,Books,Houston
CUST_022,TX_00505,2023-11-14,492.49,Clothing,New York
CUST_111,TX_00093,2023-11-14,435.76,Furniture,Houston
CUST_159,TX_00688,2023-11-14,356.84,Electronics,New York
CUST_099,TX_00290,2023-11-14,357.28,Furniture,Chicago
CUST_022,TX_00925,2023-11-14,78.61,Groceries,New York
CUST_122,TX_00758,2023-11-15,311.5,Electronics,San Francisco
CUST_084,TX_00307,2023-11-15,112.17,Books,Los Angeles
CUST_183,TX_00606,2023-11-15,298.01,Books,Houston
CUST_162,TX_00083,2023-11-15,339.58,Books,San Francisco
CUST_142,TX_00856,2023-11-15,159.33,Furniture,Los Angeles
CUST_145,TX_00236,2023-11-15,293.41,Electronics,Los Angeles
CUST_172,TX_00065,2023-11-16,493.45,Electronics,New York
CUST_021,TX_00008,2023-11-16,455.43,Groceries,New York
CUST_145,TX_00822,2023-11-16,114.2,Furniture,New York
CUST_015,TX_00101,2023-11-16,202.99,Furniture,Houston
CUST_065,TX_00103,2023-11-16,62.23,Books,Los Angeles
CUST_030,TX_00867,2023-11-16,157.62,Electronics,Houston
CUST_068,TX_00322,2023-11-17,488.05,Clothing,San Francisco
CUST_044,TX_00082,2023-11-17,56.01,Books,San Francisco
CUST_160,TX_00160,2023-11-18,464.25,Books,Houston
CUST_015,TX_00036,2023-11-18,416.15,Furniture,Chicago
CUST_074,TX_00660,2023-11-19,335.26,Clothing,New York
CUST_021,TX_00325,2023-11-19,74.94,Groceries,New York
CUST_182,TX_00692,2023-11-19,247.5,Furniture,Chicago
CUST_101,TX_00767,2023-11-20,320.99,Books,Los Angeles
CUST_060,TX_00054,2023-11-20,37.97,Clothing,San Francisco
CUST_113,TX_00214,2023-11-20,432.77,Books,Houston
CUST_138,TX_00592,2023-11-20,118.1,Groceries,Houston
CUST_092,TX_00180,2023-11-20,267.33,Clothing,New York
CUST_152,TX_00754,2023-11-22,448.05,Books,Los Angeles
CUST_132,TX_00052,2023-11-22,64.84,Furniture,Houston
CUST_039,TX_00407,2023-11-22,371.3,Electronics,Chicago
CUST_048,TX_00284,2023-11-23,315.56,Furniture,Chicago
CUST_187,TX_00217,2023-11-24,21.58,Electronics,Chicago
CUST_033,TX_00125,2023-11-24,169.05,Furniture,Chicago
CUST_096,TX_00536,2023-11-24,369.2,Clothing,San Francisco
CUST_092,TX_00922,2023-11-24,187.31,Furniture,San Francisco
CUST_071,TX_00105,2023-11-24,499.71,Books,New York
CUST_165,TX_00675,2023-11-24,308.18,Groceries,San Francisco
CUST_148,TX_00327,2023-11-24,462.15,Furniture,Chicago
CUST_133,TX_00654,2023-11-25,78.23,Books,Houston
CUST_014,TX_00085,2023-11-25,435.39,Books,New York
CUST_189,TX_00624,2023-11-26,246.65,Clothing,Los Angeles
CUST_016,TX_00500,2023-11-26,366.96,Books,Houston
CUST_028,TX_00164,2023-11-26,59.7,Electronics,Chicago
CUST_030,TX_00349,2023-11-26,313.6,Books,Los Angeles
CUST_165,TX_00195,2023-11-26,121.76,Electronics,San Francisco
CUST_088,TX_00021,2023-11-27,90.13,Electronics,San Francisco
CUST_038,TX_00975,2023-11-28,66.1,Groceries,New York
CUST_190,TX_00181,2023-11-28,357.43,Clothing,Chicago
CUST_168,TX_00666,2023-11-28,137.48,Clothing,Houston
CUST_030,TX_00611,2023-11-29,21.85,Groceries,San Francisco
CUST_164,TX_00070,2023-11-29,435.28,Clothing,San Francisco
CUST_024,TX_00095,2023-11-30,24.89,Furniture,New York
CUST_190,TX_00040,2023-12-01,356.32,Furniture,Los Angeles
CUST_111,TX_00996,2023-12-01,69.07,Groceries,Houston
CUST_051,TX_00046,2023-12-01,242.57,Furniture,Chicago
CUST_034,TX_00531,2023-12-01,58.6,Books,Los Angeles
CUST_164,TX_00760,2023-12-01,442.38,Furniture,New York
CUST_058,TX_00703,2023-12-02,405.14,Books,San Francisco
CUST_159,TX_00273,2023-12-03,335.81,Books,Chicago
CUST_158,TX_00472,2023-12-03,304.92,Groceries,Chicago
CUST_129,TX_00808,2023-12-03,71.87,Books,New York
CUST_079,TX_00868,2023-12-04,303.2,Groceries,New York
CUST_144,TX_00644,2023-12-04,132.28,Groceries,New York
CUST_076,TX_00508,2023-12-05,90.76,Furniture,New York
CUST_033,TX_00116,2023-12-05,337.12,Groceries,San Francisco
CUST_112,TX_00852,2023-12-06,404.4,Clothing,Houston
CUST_075,TX_00586,2023-12-06,263.46,Books,Los Angeles
CUST_099,TX_00410,2023-12-07,203.29,Books,New York
CUST_095,TX_00375,2023-12-08,74.05,Electronics,Los Angeles
CUST_112,TX_00279,2023-12-08,496.32,Electronics,New York
CUST_008,TX_00422,2023-12-08,451.86,Clothing,Los Angeles
CUST_016,TX_00751,2023-12-10,78.95,Furniture,Houston
CUST_023,TX_00608,2023-12-10,187.5,Furniture,San Francisco
CUST_128,TX_00264,2023-12-10,479.24,Furniture,San Francisco
CUST_096,TX_00599,2023-12-10,321.73,Books,San Francisco
CUST_179,TX_00859,2023-12-10,437.65,Furniture,Chicago
CUST_191,TX_00714,2023-12-11,440.14,Books,San Francisco
CUST_096,TX_00202,2023-12-12,126.07,Clothing,Los Angeles
CUST_160,TX_00231,2023-12-12,349.29,Books,Los Angeles
CUST_164,TX_00253,2023-12-13,271.15,Clothing,Los Angeles
CUST_039,TX_00697,2023-12-13,236.52,Clothing,Los Angeles
CUST_061,TX_00924,2023-12-14,32.37,Clothing,Chicago
CUST_019,TX_00620,2023-12-15,422.55,Books,Los Angeles
CUST_089,TX_00104,2023-12-15,332.34,Furniture,Houston
CUST_182,TX_00841,2023-12-15,488.63,Furniture,San Francisco
CUST_019,TX_00689,2023-12-15,276.33,Clothing,New York
CUST_169,TX_00320,2023-12-15,350.53,Electronics,Houston
CUST_012,TX_00558,2023-12-15,300.59,Clothing,Los Angeles
CUST_015,TX_00977,2023-12-16,233.56,Furniture,Los Angeles
CUST_038,TX_00023,2023-12-16,485.01,Groceries,San Francisco
CUST_002,TX_00020,2023-12-16,300.55,Books,Houston
CUST_154,TX_00964,2023-12-18,161.59,Books,New York
CUST_178,TX_00765,2023-12-18,492.21,Electronics,San Francisco
CUST_126,TX_00893,2023-12-19,337.91,Furniture,San Francisco
CUST_066,TX_00165,2023-12-19,248.08,Furniture,New York
CUST_061,TX_00706,2023-12-19,395.28,Electronics,Chicago
CUST_018,TX_00974,2023-12-19,346.43,Electronics,Houston
CUST_104,TX_00132,2023-12-19,192.89,Clothing,New York
CUST_012,TX_00749,2023-12-20,145.68,Electronics,New York
CUST_096,TX_00493,2023-12-20,432.07,Groceries,Houston
CUST_067,TX_00993,2023-12-20,310.16,Clothing,San Francisco
CUST_090,TX_00695,2023-12-20,426.49,Groceries,Chicago
CUST_181,TX_00374,2023-12-21,218.78,Furniture,New York
CUST_001,TX_00951,2023-12-22,258.63,Groceries,Houston
CUST_081,TX_00069,2023-12-22,323.17,Clothing,Chicago
CUST_056,TX_00717,2023-12-22,127.01,Clothing,Los Angeles
CUST_020,TX_00734,2023-12-22,266.43,Clothing,Los Angeles
CUST_153,TX_00412,2023-12-22,394.66,Books,San Francisco
CUST_101,TX_00213,2023-12-22,371.07,Groceries,San Francisco
CUST_075,TX_00656,2023-12-23,211.44,Books,San Francisco
CUST_095,TX_00813,2023-12-23,95.69,Clothing,New York
CUST_122,TX_00917,2023-12-25,374.36,Furniture,Houston
CUST_093,TX_00311,2023-12-25,196.51,Groceries,Houston
CUST_175,TX_00394,2023-12-25,128.19,Clothing,Houston
CUST_114,TX_00585,2023-12-25,396.42,Electronics,Los Angeles
CUST_132,TX_00904,2023-12-25,227.26,Clothing,San Francisco
CUST_051,TX_00196,2023-12-26,113.9,Furniture,Chicago
CUST_144,TX_00747,2023-12-26,430.02,Groceries,Houston
CUST_002,TX_00282,2023-12-26,422.6,Groceries,San Francisco
CUST_195,TX_00911,2023-12-26,61.07,Clothing,Los Angeles
CUST_187,TX_00966,2023-12-27,477.98,Electronics,Los Angeles
CUST_088,TX_00107,2023-12-27,488.82,Electronics,San Francisco
CUST_099,TX_00275,2023-12-27,464.32,Books,Los Angeles
CUST_026,TX_00939,2023-12-28,62.93,Electronics,Chicago
CUST_065,TX_00421,2023-12-28,28.83,Electronics,Los Angeles
CUST_092,TX_00712,2023-12-29,264.5,Electronics,Chicago
CUST_080,TX_00730,2023-12-29,196.41,Electronics,Los Angeles
CUST_058,TX_00440,2023-12-29,15.93,Clothing,New York
CUST_113,TX_00204,2023-12-29,144.65,Clothing,New York
CUST_189,TX_00554,2023-12-30,190.47,Clothing,Chicago
CUST_195,TX_00256,2023-12-30,338.05,Groceries,New York
CUST_099,TX_00376,2023-12-30,444.44,Books,Chicago
CUST_086,TX_00984,2023-12-30,183.84,Books,Chicago
CUST_028,TX_00171,2023-12-31,162.54,Clothing,Chicago
CUST_075,TX_00011,2023-12-31,485.98,Electronics,New York
CUST_147,TX_00473,2023-12-31,295.39,Furniture,Los Angeles
CUST_200,TX_00752,2023-12-31,108.99,Electronics,San Francisco
CUST_144,TX_00520,2023-12-31,286.86,Clothing,Houston
